{
  "fp16": {
    "0.0": {
      "ppl_mean": 12.63663014781224,
      "ppl_std": 0.0,
      "ppl_min": 12.63663014781224,
      "ppl_max": 12.63663014781224,
      "num_trials": 1,
      "num_valid": 1,
      "total_injection_count": 0,
      "total_errors_corrected": 0,
      "total_errors_detected": 0
    },
    "0.0001": {
      "ppl_mean": 12.63663014781224,
      "ppl_std": 0.0,
      "ppl_min": 12.63663014781224,
      "ppl_max": 12.63663014781224,
      "num_trials": 1,
      "num_valid": 1,
      "total_injection_count": 0,
      "total_errors_corrected": 0,
      "total_errors_detected": 0
    },
    "0.001": {
      "ppl_mean": 12.63663014781224,
      "ppl_std": 0.0,
      "ppl_min": 12.63663014781224,
      "ppl_max": 12.63663014781224,
      "num_trials": 1,
      "num_valid": 1,
      "total_injection_count": 0,
      "total_errors_corrected": 0,
      "total_errors_detected": 0
    },
    "0.01": {
      "ppl_mean": 12.63663014781224,
      "ppl_std": 0.0,
      "ppl_min": 12.63663014781224,
      "ppl_max": 12.63663014781224,
      "num_trials": 1,
      "num_valid": 1,
      "total_injection_count": 0,
      "total_errors_corrected": 0,
      "total_errors_detected": 0
    }
  },
  "int4": {
    "0.0": {
      "ppl_mean": 13.7125913575737,
      "ppl_std": 0.0,
      "ppl_min": 13.7125913575737,
      "ppl_max": 13.7125913575737,
      "num_trials": 1,
      "num_valid": 1,
      "total_injection_count": 0,
      "total_errors_corrected": 0,
      "total_errors_detected": 0
    },
    "0.0001": {
      "ppl_mean": 14.734190732860782,
      "ppl_std": 0.0,
      "ppl_min": 14.734190732860782,
      "ppl_max": 14.734190732860782,
      "num_trials": 1,
      "num_valid": 1,
      "total_injection_count": 183568,
      "total_errors_corrected": 0,
      "total_errors_detected": 0
    },
    "0.001": {
      "ppl_mean": 89.01719114225207,
      "ppl_std": 0.0,
      "ppl_min": 89.01719114225207,
      "ppl_max": 89.01719114225207,
      "num_trials": 1,
      "num_valid": 1,
      "total_injection_count": 183568,
      "total_errors_corrected": 0,
      "total_errors_detected": 0
    },
    "0.01": {
      "ppl_mean": 15834.450015295828,
      "ppl_std": 0.0,
      "ppl_min": 15834.450015295828,
      "ppl_max": 15834.450015295828,
      "num_trials": 1,
      "num_valid": 1,
      "total_injection_count": 183568,
      "total_errors_corrected": 0,
      "total_errors_detected": 0
    }
  },
  "int4-hamming": {
    "0.0": {
      "ppl_mean": 13.7125913575737,
      "ppl_std": 0.0,
      "ppl_min": 13.7125913575737,
      "ppl_max": 13.7125913575737,
      "num_trials": 1,
      "num_valid": 1,
      "total_injection_count": 0,
      "total_errors_corrected": 0,
      "total_errors_detected": 0
    },
    "0.0001": {
      "ppl_mean": 13.707454792567749,
      "ppl_std": 0.0,
      "ppl_min": 13.707454792567749,
      "ppl_max": 13.707454792567749,
      "num_trials": 1,
      "num_valid": 1,
      "total_injection_count": 183568,
      "total_errors_corrected": 16452,
      "total_errors_detected": 0
    },
    "0.001": {
      "ppl_mean": 13.700950918029537,
      "ppl_std": 0.0,
      "ppl_min": 13.700950918029537,
      "ppl_max": 13.700950918029537,
      "num_trials": 1,
      "num_valid": 1,
      "total_injection_count": 183568,
      "total_errors_corrected": 163809,
      "total_errors_detected": 0
    },
    "0.01": {
      "ppl_mean": 28.713249599715812,
      "ppl_std": 0.0,
      "ppl_min": 28.713249599715812,
      "ppl_max": 28.713249599715812,
      "num_trials": 1,
      "num_valid": 1,
      "total_injection_count": 183568,
      "total_errors_corrected": 1595085,
      "total_errors_detected": 0
    }
  },
  "int4-hamming84": {
    "0.0": {
      "ppl_mean": 13.7125913575737,
      "ppl_std": 0.0,
      "ppl_min": 13.7125913575737,
      "ppl_max": 13.7125913575737,
      "num_trials": 1,
      "num_valid": 1,
      "total_injection_count": 0,
      "total_errors_corrected": 0,
      "total_errors_detected": 0
    },
    "0.0001": {
      "ppl_mean": 13.721538250440627,
      "ppl_std": 0.0,
      "ppl_min": 13.721538250440627,
      "ppl_max": 13.721538250440627,
      "num_trials": 1,
      "num_valid": 1,
      "total_injection_count": 183568,
      "total_errors_corrected": 16504,
      "total_errors_detected": 8
    },
    "0.001": {
      "ppl_mean": 13.74042174823948,
      "ppl_std": 0.0,
      "ppl_min": 13.74042174823948,
      "ppl_max": 13.74042174823948,
      "num_trials": 1,
      "num_valid": 1,
      "total_injection_count": 183568,
      "total_errors_corrected": 164380,
      "total_errors_detected": 682
    },
    "0.01": {
      "ppl_mean": 682.8998536628503,
      "ppl_std": 0.0,
      "ppl_min": 682.8998536628503,
      "ppl_max": 682.8998536628503,
      "num_trials": 1,
      "num_valid": 1,
      "total_injection_count": 183568,
      "total_errors_corrected": 1537931,
      "total_errors_detected": 61942
    }
  },
  "int4-hamming84-interp": {
    "0.0": {
      "ppl_mean": 13.7125913575737,
      "ppl_std": 0.0,
      "ppl_min": 13.7125913575737,
      "ppl_max": 13.7125913575737,
      "num_trials": 1,
      "num_valid": 1,
      "total_injection_count": 0,
      "total_errors_corrected": 0,
      "total_errors_detected": 0
    },
    "0.0001": {
      "ppl_mean": 13.715287761116855,
      "ppl_std": 0.0,
      "ppl_min": 13.715287761116855,
      "ppl_max": 13.715287761116855,
      "num_trials": 1,
      "num_valid": 1,
      "total_injection_count": 183568,
      "total_errors_corrected": 16504,
      "total_errors_detected": 8
    },
    "0.001": {
      "ppl_mean": 13.544082041550801,
      "ppl_std": 0.0,
      "ppl_min": 13.544082041550801,
      "ppl_max": 13.544082041550801,
      "num_trials": 1,
      "num_valid": 1,
      "total_injection_count": 183568,
      "total_errors_corrected": 164380,
      "total_errors_detected": 682
    },
    "0.01": {
      "ppl_mean": 13.91032823332526,
      "ppl_std": 0.0,
      "ppl_min": 13.91032823332526,
      "ppl_max": 13.91032823332526,
      "num_trials": 1,
      "num_valid": 1,
      "total_injection_count": 183568,
      "total_errors_corrected": 1537931,
      "total_errors_detected": 61942
    }
  },
  "int12-golay": {
    "0.0": {
      "ppl_mean": 13.7125913575737,
      "ppl_std": 0.0,
      "ppl_min": 13.7125913575737,
      "ppl_max": 13.7125913575737,
      "num_trials": 1,
      "num_valid": 1,
      "total_injection_count": 0,
      "total_errors_corrected": 0,
      "total_errors_detected": 0
    },
    "0.0001": {
      "ppl_mean": 13.7125913575737,
      "ppl_std": 0.0,
      "ppl_min": 13.7125913575737,
      "ppl_max": 13.7125913575737,
      "num_trials": 1,
      "num_valid": 1,
      "total_injection_count": 183568,
      "total_errors_corrected": 19030,
      "total_errors_detected": 0
    },
    "0.001": {
      "ppl_mean": 13.7125913575737,
      "ppl_std": 0.0,
      "ppl_min": 13.7125913575737,
      "ppl_max": 13.7125913575737,
      "num_trials": 1,
      "num_valid": 1,
      "total_injection_count": 183568,
      "total_errors_corrected": 192805,
      "total_errors_detected": 0
    },
    "0.01": {
      "ppl_mean": 15.228289467747038,
      "ppl_std": 0.0,
      "ppl_min": 15.228289467747038,
      "ppl_max": 15.228289467747038,
      "num_trials": 1,
      "num_valid": 1,
      "total_injection_count": 183568,
      "total_errors_corrected": 1935618,
      "total_errors_detected": 770
    }
  },
  "adaptive": {
    "0.0": {
      "ppl_mean": 13.7125913575737,
      "ppl_std": 0.0,
      "ppl_min": 13.7125913575737,
      "ppl_max": 13.7125913575737,
      "num_trials": 1,
      "num_valid": 1,
      "total_injection_count": 0,
      "total_errors_corrected": 0,
      "total_errors_detected": 0
    },
    "0.0001": {
      "ppl_mean": 13.715044157651386,
      "ppl_std": 0.0,
      "ppl_min": 13.715044157651386,
      "ppl_max": 13.715044157651386,
      "num_trials": 1,
      "num_valid": 1,