{
  "fp16": {
    "0.0": {
      "ppl_mean": 12.488551270410184,
      "ppl_std": 0.0,
      "ppl_min": 12.488551270410184,
      "ppl_max": 12.488551270410184,
      "num_trials": 1,
      "num_valid": 1,
      "total_injection_count": 0,
      "total_errors_corrected": 0,
      "total_errors_detected": 0
    },
    "0.0001": {
      "ppl_mean": 12.488551270410184,
      "ppl_std": 0.0,
      "ppl_min": 12.488551270410184,
      "ppl_max": 12.488551270410184,
      "num_trials": 1,
      "num_valid": 1,
      "total_injection_count": 0,
      "total_errors_corrected": 0,
      "total_errors_detected": 0
    },
    "0.001": {
      "ppl_mean": 12.488551270410184,
      "ppl_std": 0.0,
      "ppl_min": 12.488551270410184,
      "ppl_max": 12.488551270410184,
      "num_trials": 1,
      "num_valid": 1,
      "total_injection_count": 0,
      "total_errors_corrected": 0,
      "total_errors_detected": 0
    },
    "0.01": {
      "ppl_mean": 12.488551270410184,
      "ppl_std": 0.0,
      "ppl_min": 12.488551270410184,
      "ppl_max": 12.488551270410184,
      "num_trials": 1,
      "num_valid": 1,
      "total_injection_count": 0,
      "total_errors_corrected": 0,
      "total_errors_detected": 0
    }
  },
  "int4": {
    "0.0": {
      "ppl_mean": 13.916022768262806,
      "ppl_std": 0.0,
      "ppl_min": 13.916022768262806,
      "ppl_max": 13.916022768262806,
      "num_trials": 1,
      "num_valid": 1,
      "total_injection_count": 0,
      "total_errors_corrected": 0,
      "total_errors_detected": 0
    },
    "0.0001": {
      "ppl_mean": 14.587793498621581,
      "ppl_std": 0.0,
      "ppl_min": 14.587793498621581,
      "ppl_max": 14.587793498621581,
      "num_trials": 1,
      "num_valid": 1,
      "total_injection_count": 726784,
      "total_errors_corrected": 0,
      "total_errors_detected": 0
    },
    "0.001": {
      "ppl_mean": 23.440731186419175,
      "ppl_std": 0.0,
      "ppl_min": 23.440731186419175,
      "ppl_max": 23.440731186419175,
      "num_trials": 1,
      "num_valid": 1,
      "total_injection_count": 726784,
      "total_errors_corrected": 0,
      "total_errors_detected": 0
    },
    "0.01": {
      "ppl_mean": 2667.6362588539346,
      "ppl_std": 0.0,
      "ppl_min": 2667.6362588539346,
      "ppl_max": 2667.6362588539346,
      "num_trials": 1,
      "num_valid": 1,
      "total_injection_count": 726784,
      "total_errors_corrected": 0,
      "total_errors_detected": 0
    }
  },
  "int4-hamming": {
    "0.0": {
      "ppl_mean": 13.916022768262806,
      "ppl_std": 0.0,
      "ppl_min": 13.916022768262806,
      "ppl_max": 13.916022768262806,
      "num_trials": 1,
      "num_valid": 1,
      "total_injection_count": 0,
      "total_errors_corrected": 0,
      "total_errors_detected": 0
    },
    "0.0001": {
      "ppl_mean": 13.92326801726044,
      "ppl_std": 0.0,
      "ppl_min": 13.92326801726044,
      "ppl_max": 13.92326801726044,
      "num_trials": 1,
      "num_valid": 1,
      "total_injection_count": 726784,
      "total_errors_corrected": 130698,
      "total_errors_detected": 0
    },
    "0.001": {
      "ppl_mean": 13.904809185110812,
      "ppl_std": 0.0,
      "ppl_min": 13.904809185110812,
      "ppl_max": 13.904809185110812,
      "num_trials": 1,
      "num_valid": 1,
      "total_injection_count": 726784,
      "total_errors_corrected": 1298906,
      "total_errors_detected": 0
    },
    "0.01": {
      "ppl_mean": 20.774436280554628,
      "ppl_std": 0.0,
      "ppl_min": 20.774436280554628,
      "ppl_max": 20.774436280554628,
      "num_trials": 1,
      "num_valid": 1,
      "total_injection_count": 726784,
      "total_errors_corrected": 12633477,
      "total_errors_detected": 0
    }
  },
  "int4-hamming84": {
    "0.0": {
      "ppl_mean": 13.916022768262806,
      "ppl_std": 0.0,
      "ppl_min": 13.916022768262806,
      "ppl_max": 13.916022768262806,
      "num_trials": 1,
      "num_valid": 1,
      "total_injection_count": 0,
      "total_errors_corrected": 0,
      "total_errors_detected": 0
    },
    "0.0001": {
      "ppl_mean": 13.875984946770254,
      "ppl_std": 0.0,
      "ppl_min": 13.875984946770254,
      "ppl_max": 13.875984946770254,
      "num_trials": 1,
      "num_valid": 1,
      "total_injection_count": 726784,
      "total_errors_corrected": 130865,
      "total_errors_detected": 60
    },
    "0.001": {
      "ppl_mean": 14.044504970256495,
      "ppl_std": 0.0,
      "ppl_min": 14.044504970256495,
      "ppl_max": 14.044504970256495,
      "num_trials": 1,
      "num_valid": 1,
      "total_injection_count": 726784,
      "total_errors_corrected": 1296255,
      "total_errors_detected": 5218
    },
    "0.01": {
      "ppl_mean": 93.17608722167483,
      "ppl_std": 0.0,
      "ppl_min": 93.17608722167483,
      "ppl_max": 93.17608722167483,
      "num_trials": 1,
      "num_valid": 1,
      "total_injection_count": 726784,
      "total_errors_corrected": 12154744,
      "total_errors_detected": 489986
    }
  },
  "int4-hamming84-interp": {
    "0.0": {
      "ppl_mean": 13.916022768262806,
      "ppl_std": 0.0,
      "ppl_min": 13.916022768262806,
      "ppl_max": 13.916022768262806,
      "num_trials": 1,
      "num_valid": 1,
      "total_injection_count": 0,
      "total_errors_corrected": 0,
      "total_errors_detected": 0
    },
    "0.0001": {
      "ppl_mean": 13.910262010485923,
      "ppl_std": 0.0,
      "ppl_min": 13.910262010485923,
      "ppl_max": 13.910262010485923,
      "num_trials": 1,
      "num_valid": 1,
      "total_injection_count": 726784,
      "total_errors_corrected": 130865,
      "total_errors_detected": 60
    },
    "0.001": {
      "ppl_mean": 13.956655940977733,
      "ppl_std": 0.0,
      "ppl_min": 13.956655940977733,
      "ppl_max": 13.956655940977733,
      "num_trials": 1,
      "num_valid": 1,
      "total_injection_count": 726784,
      "total_errors_corrected": 1296255,
      "total_errors_detected": 5218
    },
    "0.01": {
      "ppl_mean": 14.792521764758003,
      "ppl_std": 0.0,
      "ppl_min": 14.792521764758003,
      "ppl_max": 14.792521764758003,
      "num_trials": 1,
      "num_valid": 1,
      "total_injection_count": 726784,
      "total_errors_corrected": 12154744,
      "total_errors_detected": 489986
    }
  },
  "int12-golay": {
    "0.0": {
      "ppl_mean": 13.916022768262806,
      "ppl_std": 0.0,
      "ppl_min": 13.916022768262806,
      "ppl_max": 13.916022768262806,
      "num_trials": 1,
      "num_valid": 1,
      "total_injection_count": 0,
      "total_errors_corrected": 0,
      "total_errors_detected": 0
    },
    "0.0001": {
      "ppl_mean": 13.916022768262806,
      "ppl_std": 0.0,
      "ppl_min": 13.916022768262806,
      "ppl_max": 13.916022768262806,
      "num_trials": 1,
      "num_valid": 1,
      "total_injection_count": 726784,
      "total_errors_corrected": 149934,
      "total_errors_detected": 0
    },
    "0.001": {
      "ppl_mean": 13.916022768262806,
      "ppl_std": 0.0,
      "ppl_min": 13.916022768262806,
      "ppl_max": 13.916022768262806,
      "num_trials": 1,
      "num_valid": 1,
      "total_injection_count": 726784,
      "total_errors_corrected": 1498804,
      "total_errors_detected": 0
    },
    "0.01": {
      "ppl_mean": 14.604406457415346,
      "ppl_std": 0.0,
      "ppl_min": 14.604406457415346,
      "ppl_max": 14.604406457415346,
      "num_trials": 1,
      "num_valid": 1,
      "total_injection_count": 726784,
      "total_errors_corrected": 14973685,
      "total_errors_detected": 5578
    }
  },
  "adaptive": {
    "0.0": {
      "ppl_mean": 13.916022768262806,
      "ppl_std": 0.0,
      "ppl_min": 13.916022768262806,
      "ppl_max": 13.916022768262806,
      "num_trials": 1,
      "num_valid": 1,
      "total_injection_count": 0,
      "total_errors_corrected": 0,
      "total_errors_detected": 0
    },
    "0.0001": {
      "ppl_mean": 13.891675544839684,
      "ppl_std": 0.0,
      "ppl_min": 13.891675544839684,